usqrt-broken.c,--function usqrt --unwind 33
usqrt.c,--function usqrt --unwind 33
rangesum03.c,--function testfun --unwind 4
rangesum05.c,--function testfun --unwind 6
Problem10_16.c,--function testfun --unwind 1
rangesum07.c,--function testfun --unwind 8
Problem13_4.c,--function testfun --unwind 1
nondet.c,--function testfun --unwind 1
confidence.c, --function testfun --unwind 10
floor.c, --function testfun --unwind 2
floor-broken.c, --function testfun --unwind 2
bwd_loop1a.c, --function testfun --unwind 101
bwd_loop1a-2.c, --function testfun --unwind 101
bwd_loop2.c, --function testfun --unwind 101
bwd_loop2-2.c, --function testfun --unwind 101
bwd_loop7.c, --function testfun --unwind 101
bwd_loop7-2.c, --function testfun --unwind 101
bwd_loop10.c, --function testfun --unwind 32768
bwd_loop10-2.c, --function testfun --unwind 32768
count_up_down_true-unreach-call_true-termination.c,  --function testfun --unwind 5
count_up_down_true-unreach-call_true-termination-2.c,  --function testfun --unwind 500
example1a.c,  --function testfun --unwind 102
example1a-2.c,  --function testfun --unwind 102
example7a.c,  --function testfun --unwind 11
example7a-2.c,  --function testfun --unwind 1001
example7b.c,  --function testfun --unwind 11
example7b-2.c,  --function testfun --unwind 1001
for_bounded_loop1.c, --function testfun --unwind 11
for_bounded_loop1-2.c, --function testfun --unwind 1001
gsv2008.c, --function testfun --unwind 18
gsv2008-2.c, --function testfun --unwind 101
hhk2008.c, --function testfun --unwind 6
hhk2008-2.c, --function testfun --unwind 501
Log.c, --function testfun --unwind 5
Log-2.c, --function testfun --unwind 500
Mono3_1.c, --function testfun --unwind 1000000
Mono3_1-2.c, --function testfun --unwind 1000000
Waldkirch.c, --function testfun --unwind 6
Waldkirch-2.c, --function testfun --unwind 501
overflow.c, --function testfun --unwind 1

